event,time,magnitude,e_magnitude,upperlimit,band,instrument,telescope,source
SN2016gkg,54588.4738,19.951,,T,U,UVOT,Swift,2014Ap&SS.354...89B
SN2016gkg,54589.3770,20.624,,T,UVW2,UVOT,Swift,2014Ap&SS.354...89B
SN2016gkg,54772.6087,19.895,,T,UVW1,UVOT,Swift,2014Ap&SS.354...89B
SN2016gkg,54772.6104,19.635,,T,U,UVOT,Swift,2014Ap&SS.354...89B
SN2016gkg,54772.6114,20.025,,T,B,UVOT,Swift,2014Ap&SS.354...89B
SN2016gkg,54772.6130,20.384,,T,UVW2,UVOT,Swift,2014Ap&SS.354...89B
SN2016gkg,54772.6163,19.014,,T,V,UVOT,Swift,2014Ap&SS.354...89B
SN2016gkg,54772.6173,20.017,,T,UVM2,UVOT,Swift,2014Ap&SS.354...89B
SN2016gkg,54796.3656,20.053,,T,UVW1,UVOT,Swift,2014Ap&SS.354...89B
SN2016gkg,54796.3663,19.789,,T,U,UVOT,Swift,2014Ap&SS.354...89B
SN2016gkg,54796.3667,20.159,,T,B,UVOT,Swift,2014Ap&SS.354...89B
SN2016gkg,54796.3674,20.543,,T,UVW2,UVOT,Swift,2014Ap&SS.354...89B
SN2016gkg,54796.3687,19.150,,T,V,UVOT,Swift,2014Ap&SS.354...89B
SN2016gkg,54796.3691,20.211,,T,UVM2,UVOT,Swift,2014Ap&SS.354...89B
SN2016gkg,55163.4405,20.082,,T,UVW1,UVOT,Swift,2014Ap&SS.354...89B
SN2016gkg,55166.6960,20.329,,T,UVM2,UVOT,Swift,2014Ap&SS.354...89B
SN2016gkg,57584.465,21.5,,T,G,Astrometric,Gaia,Transient Name Server
SN2016gkg,57651.165,17.360,,T,V,,ASAS-SN,2016arXiv161106451A
SN2016gkg,57651.19085648,19.4,,T,V,ZWO ASI1600 MM-C,406-mm Skywatcher Newtonian,2018Natur.554..497B
SN2016gkg,57651.19115741,19.4,,T,V,ZWO ASI1600 MM-C,406-mm Skywatcher Newtonian,2018Natur.554..497B
SN2016gkg,57651.19143519,19.4,,T,V,ZWO ASI1600 MM-C,406-mm Skywatcher Newtonian,2018Natur.554..497B
SN2016gkg,57651.19172454,19.4,,T,V,ZWO ASI1600 MM-C,406-mm Skywatcher Newtonian,2018Natur.554..497B
SN2016gkg,57651.19200231,19.4,,T,V,ZWO ASI1600 MM-C,406-mm Skywatcher Newtonian,2018Natur.554..497B
SN2016gkg,57651.19229167,19.4,,T,V,ZWO ASI1600 MM-C,406-mm Skywatcher Newtonian,2018Natur.554..497B
SN2016gkg,57651.19256944,19.4,,T,V,ZWO ASI1600 MM-C,406-mm Skywatcher Newtonian,2018Natur.554..497B
SN2016gkg,57651.1928588,19.4,,T,V,ZWO ASI1600 MM-C,406-mm Skywatcher Newtonian,2018Natur.554..497B
SN2016gkg,57651.19314815,19.4,,T,V,ZWO ASI1600 MM-C,406-mm Skywatcher Newtonian,2018Natur.554..497B
SN2016gkg,57651.19351852,19.4,,T,V,ZWO ASI1600 MM-C,406-mm Skywatcher Newtonian,2018Natur.554..497B
SN2016gkg,57651.19387731,19.4,,T,V,ZWO ASI1600 MM-C,406-mm Skywatcher Newtonian,2018Natur.554..497B
SN2016gkg,57651.19416667,19.4,,T,V,ZWO ASI1600 MM-C,406-mm Skywatcher Newtonian,2018Natur.554..497B
SN2016gkg,57651.19445602,19.4,,T,V,ZWO ASI1600 MM-C,406-mm Skywatcher Newtonian,2018Natur.554..497B
SN2016gkg,57651.19474537,19.4,,T,V,ZWO ASI1600 MM-C,406-mm Skywatcher Newtonian,2018Natur.554..497B
SN2016gkg,57651.1950463,19.4,,T,V,ZWO ASI1600 MM-C,406-mm Skywatcher Newtonian,2018Natur.554..497B
SN2016gkg,57651.19534722,19.4,,T,V,ZWO ASI1600 MM-C,406-mm Skywatcher Newtonian,2018Natur.554..497B
SN2016gkg,57651.19563657,19.4,,T,V,ZWO ASI1600 MM-C,406-mm Skywatcher Newtonian,2018Natur.554..497B
SN2016gkg,57651.19592593,19.4,,T,V,ZWO ASI1600 MM-C,406-mm Skywatcher Newtonian,2018Natur.554..497B
SN2016gkg,57651.19621528,19.4,,T,V,ZWO ASI1600 MM-C,406-mm Skywatcher Newtonian,2018Natur.554..497B
SN2016gkg,57651.19649306,19.4,,T,V,ZWO ASI1600 MM-C,406-mm Skywatcher Newtonian,2018Natur.554..497B
SN2016gkg,57651.19678241,19.4,,T,V,ZWO ASI1600 MM-C,406-mm Skywatcher Newtonian,2018Natur.554..497B
SN2016gkg,57651.19693184,19.4,,T,V,ZWO ASI1600 MM-C,406-mm Skywatcher Newtonian,2018Natur.554..497B
SN2016gkg,57651.19734954,19.4,,T,V,ZWO ASI1600 MM-C,406-mm Skywatcher Newtonian,2018Natur.554..497B
SN2016gkg,57651.19769676,19.4,,T,V,ZWO ASI1600 MM-C,406-mm Skywatcher Newtonian,2018Natur.554..497B
SN2016gkg,57651.19798611,19.4,,T,V,ZWO ASI1600 MM-C,406-mm Skywatcher Newtonian,2018Natur.554..497B
SN2016gkg,57651.19827546,19.4,,T,V,ZWO ASI1600 MM-C,406-mm Skywatcher Newtonian,2018Natur.554..497B
SN2016gkg,57651.19856481,19.4,,T,V,ZWO ASI1600 MM-C,406-mm Skywatcher Newtonian,2018Natur.554..497B
SN2016gkg,57651.19884259,19.4,,T,V,ZWO ASI1600 MM-C,406-mm Skywatcher Newtonian,2018Natur.554..497B
SN2016gkg,57651.19913194,19.4,,T,V,ZWO ASI1600 MM-C,406-mm Skywatcher Newtonian,2018Natur.554..497B
SN2016gkg,57651.1994213,19.4,,T,V,ZWO ASI1600 MM-C,406-mm Skywatcher Newtonian,2018Natur.554..497B
SN2016gkg,57651.19987269,19.4,,T,V,ZWO ASI1600 MM-C,406-mm Skywatcher Newtonian,2018Natur.554..497B
SN2016gkg,57651.20018519,19.4,,T,V,ZWO ASI1600 MM-C,406-mm Skywatcher Newtonian,2018Natur.554..497B
SN2016gkg,57651.20049768,19.4,,T,V,ZWO ASI1600 MM-C,406-mm Skywatcher Newtonian,2018Natur.554..497B
SN2016gkg,57651.20121528,19.4,,T,V,ZWO ASI1600 MM-C,406-mm Skywatcher Newtonian,2018Natur.554..497B
SN2016gkg,57651.20171296,19.4,,T,V,ZWO ASI1600 MM-C,406-mm Skywatcher Newtonian,2018Natur.554..497B
SN2016gkg,57651.20200231,19.4,,T,V,ZWO ASI1600 MM-C,406-mm Skywatcher Newtonian,2018Natur.554..497B
SN2016gkg,57651.20228009,19.4,,T,V,ZWO ASI1600 MM-C,406-mm Skywatcher Newtonian,2018Natur.554..497B
SN2016gkg,57651.20256944,19.4,,T,V,ZWO ASI1600 MM-C,406-mm Skywatcher Newtonian,2018Natur.554..497B
SN2016gkg,57651.2028588,19.4,,T,V,ZWO ASI1600 MM-C,406-mm Skywatcher Newtonian,2018Natur.554..497B
SN2016gkg,57651.20313657,19.4,,T,V,ZWO ASI1600 MM-C,406-mm Skywatcher Newtonian,2018Natur.554..497B
SN2016gkg,57651.20342593,19.4,,T,V,ZWO ASI1600 MM-C,406-mm Skywatcher Newtonian,2018Natur.554..497B
SN2016gkg,57651.23376157,18.95,0.39,F,V,ZWO ASI1600 MM-C,406-mm Skywatcher Newtonian,2018Natur.554..497B
SN2016gkg,57651.2341088,19.55,0.36,F,V,ZWO ASI1600 MM-C,406-mm Skywatcher Newtonian,2018Natur.554..497B
SN2016gkg,57651.23439815,18.95,0.19,F,V,ZWO ASI1600 MM-C,406-mm Skywatcher Newtonian,2018Natur.554..497B
SN2016gkg,57651.23452949,19.11,0.13,F,V,ZWO ASI1600 MM-C,406-mm Skywatcher Newtonian,2018Natur.554..497B
SN2016gkg,57651.2346875,18.77,0.26,F,V,ZWO ASI1600 MM-C,406-mm Skywatcher Newtonian,2018Natur.554..497B
SN2016gkg,57651.23496528,19.65,0.38,F,V,ZWO ASI1600 MM-C,406-mm Skywatcher Newtonian,2018Natur.554..497B
SN2016gkg,57651.23525463,19.41,0.42,F,V,ZWO ASI1600 MM-C,406-mm Skywatcher Newtonian,2018Natur.554..497B
SN2016gkg,57651.23554398,19.01,0.31,F,V,ZWO ASI1600 MM-C,406-mm Skywatcher Newtonian,2018Natur.554..497B
SN2016gkg,57651.23585648,19.26,0.41,F,V,ZWO ASI1600 MM-C,406-mm Skywatcher Newtonian,2018Natur.554..497B
SN2016gkg,57651.23614583,19.14,0.33,F,V,ZWO ASI1600 MM-C,406-mm Skywatcher Newtonian,2018Natur.554..497B
SN2016gkg,57651.2361548,19.03,0.08,F,V,ZWO ASI1600 MM-C,406-mm Skywatcher Newtonian,2018Natur.554..497B
SN2016gkg,57651.23629636,19.02,0.13,F,V,ZWO ASI1600 MM-C,406-mm Skywatcher Newtonian,2018Natur.554..497B
SN2016gkg,57651.23644676,18.45,0.12,F,V,ZWO ASI1600 MM-C,406-mm Skywatcher Newtonian,2018Natur.554..497B
SN2016gkg,57651.23673611,19.40,0.39,F,V,ZWO ASI1600 MM-C,406-mm Skywatcher Newtonian,2018Natur.554..497B
SN2016gkg,57651.23704861,19.59,0.50,F,V,ZWO ASI1600 MM-C,406-mm Skywatcher Newtonian,2018Natur.554..497B
SN2016gkg,57651.23734954,19.17,0.24,F,V,ZWO ASI1600 MM-C,406-mm Skywatcher Newtonian,2018Natur.554..497B
SN2016gkg,57651.23765046,19.23,0.30,F,V,ZWO ASI1600 MM-C,406-mm Skywatcher Newtonian,2018Natur.554..497B
SN2016gkg,57651.23793518,18.98,0.12,F,V,ZWO ASI1600 MM-C,406-mm Skywatcher Newtonian,2018Natur.554..497B
SN2016gkg,57651.23793982,18.67,0.20,F,V,ZWO ASI1600 MM-C,406-mm Skywatcher Newtonian,2018Natur.554..497B
SN2016gkg,57651.23822917,19.02,0.29,F,V,ZWO ASI1600 MM-C,406-mm Skywatcher Newtonian,2018Natur.554..497B
SN2016gkg,57651.23850694,18.90,0.25,F,V,ZWO ASI1600 MM-C,406-mm Skywatcher Newtonian,2018Natur.554..497B
SN2016gkg,57651.23947917,18.59,0.26,F,V,ZWO ASI1600 MM-C,406-mm Skywatcher Newtonian,2018Natur.554..497B
SN2016gkg,57651.23974537,18.93,0.21,F,V,ZWO ASI1600 MM-C,406-mm Skywatcher Newtonian,2018Natur.554..497B
SN2016gkg,57651.23999995,18.75,0.12,F,V,ZWO ASI1600 MM-C,406-mm Skywatcher Newtonian,2018Natur.554..497B
SN2016gkg,57651.24,18.82,0.29,F,V,ZWO ASI1600 MM-C,406-mm Skywatcher Newtonian,2018Natur.554..497B
SN2016gkg,57651.24025463,19.20,0.28,F,V,ZWO ASI1600 MM-C,406-mm Skywatcher Newtonian,2018Natur.554..497B
SN2016gkg,57651.24052083,18.53,0.20,F,V,ZWO ASI1600 MM-C,406-mm Skywatcher Newtonian,2018Natur.554..497B
SN2016gkg,57651.24077546,19.05,0.29,F,V,ZWO ASI1600 MM-C,406-mm Skywatcher Newtonian,2018Natur.554..497B
SN2016gkg,57651.24104167,18.35,0.16,F,V,ZWO ASI1600 MM-C,406-mm Skywatcher Newtonian,2018Natur.554..497B
SN2016gkg,57651.2412963,19.01,0.23,F,V,ZWO ASI1600 MM-C,406-mm Skywatcher Newtonian,2018Natur.554..497B
SN2016gkg,57651.241301,18.75,0.08,F,V,ZWO ASI1600 MM-C,406-mm Skywatcher Newtonian,2018Natur.554..497B
SN2016gkg,57651.2415625,18.52,0.15,F,V,ZWO ASI1600 MM-C,406-mm Skywatcher Newtonian,2018Natur.554..497B
SN2016gkg,57651.2418287,19.04,0.29,F,V,ZWO ASI1600 MM-C,406-mm Skywatcher Newtonian,2018Natur.554..497B
SN2016gkg,57651.24201745,18.82,0.07,F,V,ZWO ASI1600 MM-C,406-mm Skywatcher Newtonian,2018Natur.554..497B
SN2016gkg,57651.24208333,18.46,0.16,F,V,ZWO ASI1600 MM-C,406-mm Skywatcher Newtonian,2018Natur.554..497B
SN2016gkg,57651.24234954,19.88,0.49,F,V,ZWO ASI1600 MM-C,406-mm Skywatcher Newtonian,2018Natur.554..497B
SN2016gkg,57651.24261574,19.32,0.35,F,V,ZWO ASI1600 MM-C,406-mm Skywatcher Newtonian,2018Natur.554..497B
SN2016gkg,57651.24262035,18.79,0.10,F,V,ZWO ASI1600 MM-C,406-mm Skywatcher Newtonian,2018Natur.554..497B
SN2016gkg,57651.24287037,18.71,0.21,F,V,ZWO ASI1600 MM-C,406-mm Skywatcher Newtonian,2018Natur.554..497B
SN2016gkg,57651.24318287,18.83,0.22,F,V,ZWO ASI1600 MM-C,406-mm Skywatcher Newtonian,2018Natur.554..497B
SN2016gkg,57651.24351852,18.94,0.27,F,V,ZWO ASI1600 MM-C,406-mm Skywatcher Newtonian,2018Natur.554..497B
SN2016gkg,57651.24384259,19.01,0.20,F,V,ZWO ASI1600 MM-C,406-mm Skywatcher Newtonian,2018Natur.554..497B
SN2016gkg,57651.24414352,19.04,0.58,F,V,ZWO ASI1600 MM-C,406-mm Skywatcher Newtonian,2018Natur.554..497B
SN2016gkg,57651.24414861,18.79,0.15,F,V,ZWO ASI1600 MM-C,406-mm Skywatcher Newtonian,2018Natur.554..497B
SN2016gkg,57651.24446759,18.63,0.30,F,V,ZWO ASI1600 MM-C,406-mm Skywatcher Newtonian,2018Natur.554..497B
SN2016gkg,57651.24476852,18.58,0.20,F,V,ZWO ASI1600 MM-C,406-mm Skywatcher Newtonian,2018Natur.554..497B
SN2016gkg,57651.24512731,18.70,0.19,F,V,ZWO ASI1600 MM-C,406-mm Skywatcher Newtonian,2018Natur.554..497B
SN2016gkg,57651.24550926,18.39,0.14,F,V,ZWO ASI1600 MM-C,406-mm Skywatcher Newtonian,2018Natur.554..497B
SN2016gkg,57651.24582176,18.80,0.31,F,V,ZWO ASI1600 MM-C,406-mm Skywatcher Newtonian,2018Natur.554..497B
SN2016gkg,57651.24595499,18.46,0.08,F,V,ZWO ASI1600 MM-C,406-mm Skywatcher Newtonian,2018Natur.554..497B
SN2016gkg,57651.24612269,18.76,0.35,F,V,ZWO ASI1600 MM-C,406-mm Skywatcher Newtonian,2018Natur.554..497B
SN2016gkg,57651.24642361,18.11,0.15,F,V,ZWO ASI1600 MM-C,406-mm Skywatcher Newtonian,2018Natur.554..497B
SN2016gkg,57651.24672454,18.47,0.17,F,V,ZWO ASI1600 MM-C,406-mm Skywatcher Newtonian,2018Natur.554..497B
SN2016gkg,57651.24706019,18.43,0.18,F,V,ZWO ASI1600 MM-C,406-mm Skywatcher Newtonian,2018Natur.554..497B
SN2016gkg,57651.24737269,18.67,0.16,F,V,ZWO ASI1600 MM-C,406-mm Skywatcher Newtonian,2018Natur.554..497B
SN2016gkg,57651.24763662,18.60,0.09,F,V,ZWO ASI1600 MM-C,406-mm Skywatcher Newtonian,2018Natur.554..497B
SN2016gkg,57651.24765046,18.84,0.31,F,V,ZWO ASI1600 MM-C,406-mm Skywatcher Newtonian,2018Natur.554..497B
SN2016gkg,57651.24791667,18.55,0.15,F,V,ZWO ASI1600 MM-C,406-mm Skywatcher Newtonian,2018Natur.554..497B
SN2016gkg,57651.248,17.600,0.500,F,Clear,,Buso & Otero,2016arXiv161106451A
SN2016gkg,57651.24817347,18.48,0.05,F,V,ZWO ASI1600 MM-C,406-mm Skywatcher Newtonian,2018Natur.554..497B
SN2016gkg,57651.24818287,18.43,0.15,F,V,ZWO ASI1600 MM-C,406-mm Skywatcher Newtonian,2018Natur.554..497B
SN2016gkg,57651.2484375,17.6,0.5,F,C,,,Transient Name Server
SN2016gkg,57651.2484375,18.63,0.16,F,V,ZWO ASI1600 MM-C,406-mm Skywatcher Newtonian,2018Natur.554..497B
SN2016gkg,57651.2487037,18.35,0.14,F,V,ZWO ASI1600 MM-C,406-mm Skywatcher Newtonian,2018Natur.554..497B
SN2016gkg,57651.24904883,18.55,0.09,F,V,ZWO ASI1600 MM-C,406-mm Skywatcher Newtonian,2018Natur.554..497B
SN2016gkg,57651.2490625,18.62,0.17,F,V,ZWO ASI1600 MM-C,406-mm Skywatcher Newtonian,2018Natur.554..497B
SN2016gkg,57651.24938657,18.19,0.13,F,V,ZWO ASI1600 MM-C,406-mm Skywatcher Newtonian,2018Natur.554..497B
SN2016gkg,57651.24965278,19.17,0.31,F,V,ZWO ASI1600 MM-C,406-mm Skywatcher Newtonian,2018Natur.554..497B
SN2016gkg,57651.24994213,18.31,0.14,F,V,ZWO ASI1600 MM-C,406-mm Skywatcher Newtonian,2018Natur.554..497B
SN2016gkg,57651.25023148,18.43,0.18,F,V,ZWO ASI1600 MM-C,406-mm Skywatcher Newtonian,2018Natur.554..497B
SN2016gkg,57651.25049746,18.34,0.08,F,V,ZWO ASI1600 MM-C,406-mm Skywatcher Newtonian,2018Natur.554..497B
SN2016gkg,57651.25050926,18.23,0.14,F,V,ZWO ASI1600 MM-C,406-mm Skywatcher Newtonian,2018Natur.554..497B
SN2016gkg,57651.25077546,18.51,0.15,F,V,ZWO ASI1600 MM-C,406-mm Skywatcher Newtonian,2018Natur.554..497B
SN2016gkg,57651.25103009,18.32,0.14,F,V,ZWO ASI1600 MM-C,406-mm Skywatcher Newtonian,2018Natur.554..497B
SN2016gkg,57651.540,15.940,0.130,F,o,,ATLAS,2016arXiv161106451A
SN2016gkg,57651.550,15.780,0.080,F,o,,ATLAS,2016arXiv161106451A
SN2016gkg,57652.0765,14.94,0.02,F,V,,Buso,2018Natur.554..497B
SN2016gkg,57652.0992,14.93,0.01,F,V,,Buso,2018Natur.554..497B
SN2016gkg,57652.1211,15.37,0.35,F,B,,Buso,2018Natur.554..497B
SN2016gkg,57652.1283,14.94,0.05,F,V,,Buso,2018Natur.554..497B
SN2016gkg,57652.1329,14.93,0.06,F,I,,Buso,2018Natur.554..497B
SN2016gkg,57652.1398148,14.5,0.2,F,C,,,Transient Name Server
SN2016gkg,57652.140,14.500,0.200,F,Clear,,Buso & Otero,2016arXiv161106451A
SN2016gkg,57652.1401,14.89,0.02,F,V,,Buso,2018Natur.554..497B
SN2016gkg,57652.299,15.010,0.040,F,V,,ASAS-SN,2016arXiv161106451A
SN2016gkg,57652.312,14.762,0.236,F,Clear,,Sanchez,2016arXiv161106451A
SN2016gkg,57652.3134,14.95,0.03,F,V,,SÃ¡nchez,2018Natur.554..497B
SN2016gkg,57652.406,14.794,0.074,F,Clear,,Nicholls,2016arXiv161106451A
SN2016gkg,57652.658,13.745,0.038,F,UVW1,UVOT,Swift,2016arXiv161106451A
SN2016gkg,57652.659,13.956,0.033,F,U,,Swift,2016arXiv161106451A
SN2016gkg,57652.660,15.183,0.039,F,B,,Swift,2016arXiv161106451A
SN2016gkg,57652.663,13.923,0.038,F,UVW2,UVOT,Swift,2016arXiv161106451A
SN2016gkg,57652.665,15.127,0.064,F,V,,Swift,2016arXiv161106451A
SN2016gkg,57652.6982,15.295,0.063,F,V,UVOT,Swift,2014Ap&SS.354...89B
SN2016gkg,57652.724,13.865,0.039,F,UVW1,UVOT,Swift,2016arXiv161106451A
SN2016gkg,57652.7244,13.869,0.045,F,UVW1,UVOT,Swift,2014Ap&SS.354...89B
SN2016gkg,57652.7258,14.067,0.043,F,U,UVOT,Swift,2014Ap&SS.354...89B
SN2016gkg,57652.726,14.031,0.034,F,U,,Swift,2016arXiv161106451A
SN2016gkg,57652.7268,15.306,0.049,F,B,UVOT,Swift,2014Ap&SS.354...89B
SN2016gkg,57652.727,15.257,0.039,F,B,,Swift,2016arXiv161106451A
SN2016gkg,57652.7284,14.039,0.045,F,UVW2,UVOT,Swift,2014Ap&SS.354...89B
SN2016gkg,57652.729,14.046,0.039,F,UVW2,UVOT,Swift,2016arXiv161106451A
SN2016gkg,57652.731,15.295,0.061,F,V,,Swift,2016arXiv161106451A
SN2016gkg,57652.7319,13.698,0.090,F,UVM2,UVOT,Swift,2014Ap&SS.354...89B
SN2016gkg,57652.732,13.691,0.085,F,UVM2,UVOT,Swift,2016arXiv161106451A
SN2016gkg,57652.791,13.964,0.041,F,UVW1,UVOT,Swift,2016arXiv161106451A
SN2016gkg,57652.792,14.147,0.035,F,U,,Swift,2016arXiv161106451A
SN2016gkg,57652.793,15.315,0.040,F,B,,Swift,2016arXiv161106451A
SN2016gkg,57652.795,14.227,0.046,F,UVW2,UVOT,Swift,2016arXiv161106451A
SN2016gkg,57652.893,15.354,0.061,F,Clear,,Monard,2016arXiv161106451A
SN2016gkg,57652.927,15.410,0.062,F,g,,LCOGT,2016arXiv161106451A
SN2016gkg,57652.928,15.479,0.068,F,g,,LCOGT,2016arXiv161106451A
SN2016gkg,57653.074,14.847,0.077,F,UVM2,UVOT,Swift,2016arXiv161106451A
SN2016gkg,57653.075,14.497,0.070,F,UVW1,UVOT,Swift,2016arXiv161106451A
SN2016gkg,57653.084,14.880,0.095,F,UVW2,UVOT,Swift,2016arXiv161106451A
SN2016gkg,57653.107,15.444,0.012,F,V,,LCOGT,2016arXiv161106451A
SN2016gkg,57653.108,15.440,0.008,F,V,,LCOGT,2016arXiv161106451A
SN2016gkg,57653.111,15.500,0.028,F,g,,LCOGT,2016arXiv161106451A
SN2016gkg,57653.113,15.550,0.011,F,r,,LCOGT,2016arXiv161106451A
SN2016gkg,57653.114,15.550,0.015,F,r,,LCOGT,2016arXiv161106451A
SN2016gkg,57653.115,15.612,0.012,F,i,,LCOGT,2016arXiv161106451A
SN2016gkg,57653.116,15.631,0.012,F,i,,LCOGT,2016arXiv161106451A
SN2016gkg,57653.1172,14.984,0.090,F,UVW2,UVOT,Swift,2014Ap&SS.354...89B
SN2016gkg,57653.125,14.891,0.062,F,UVM2,UVOT,Swift,2016arXiv161106451A
SN2016gkg,57653.126,14.789,0.065,F,UVW1,UVOT,Swift,2016arXiv161106451A
SN2016gkg,57653.128,15.700,0.040,F,B,,LCOGT,2016arXiv161106451A
SN2016gkg,57653.129,15.540,0.030,F,V,,LCOGT,2016arXiv161106451A
SN2016gkg,57653.130,15.610,0.030,F,g,,LCOGT,2016arXiv161106451A
SN2016gkg,57653.132,15.650,0.040,F,i,,LCOGT,2016arXiv161106451A
SN2016gkg,57653.133,15.590,0.040,F,r,,LCOGT,2016arXiv161106451A
SN2016gkg,57653.141,15.022,0.084,F,UVM2,UVOT,Swift,2016arXiv161106451A
SN2016gkg,57653.142,14.910,0.093,F,UVW1,UVOT,Swift,2016arXiv161106451A
SN2016gkg,57653.150,14.954,0.104,F,UVW2,UVOT,Swift,2016arXiv161106451A
SN2016gkg,57653.189,15.046,0.063,F,UVM2,UVOT,Swift,2016arXiv161106451A
SN2016gkg,57653.191,14.819,0.064,F,UVW1,UVOT,Swift,2016arXiv161106451A
SN2016gkg,57653.215,15.183,0.180,F,UVM2,UVOT,Swift,2016arXiv161106451A
SN2016gkg,57653.2319,15.259,0.059,F,UVM2,UVOT,Swift,2014Ap&SS.354...89B
SN2016gkg,57653.2327,14.914,0.058,F,UVW1,UVOT,Swift,2014Ap&SS.354...89B
SN2016gkg,57653.256,15.245,0.065,F,UVM2,UVOT,Swift,2016arXiv161106451A
SN2016gkg,57653.258,14.940,0.066,F,UVW1,UVOT,Swift,2016arXiv161106451A
SN2016gkg,57653.288,15.730,0.050,F,V,,LCOGT,2016arXiv161106451A
SN2016gkg,57653.3164,15.73,0.14,F,B,,KAIT,2018Natur.554..497B
SN2016gkg,57653.3164,15.32,0.10,F,I,,KAIT,2018Natur.554..497B
SN2016gkg,57653.3164,15.57,0.06,F,R,,KAIT,2018Natur.554..497B
SN2016gkg,57653.3164,15.60,0.08,F,V,,KAIT,2018Natur.554..497B
SN2016gkg,57653.321,15.611,0.012,F,V,,LCOGT,2016arXiv161106451A
SN2016gkg,57653.322,15.459,0.068,F,UVM2,UVOT,Swift,2016arXiv161106451A
SN2016gkg,57653.322,15.585,0.014,F,V,,LCOGT,2016arXiv161106451A
SN2016gkg,57653.324,15.104,0.069,F,UVW1,UVOT,Swift,2016arXiv161106451A
SN2016gkg,57653.324,15.692,0.032,F,g,,LCOGT,2016arXiv161106451A
SN2016gkg,57653.325,15.717,0.031,F,g,,LCOGT,2016arXiv161106451A
SN2016gkg,57653.327,15.685,0.016,F,r,,LCOGT,2016arXiv161106451A
SN2016gkg,57653.328,15.680,0.021,F,r,,LCOGT,2016arXiv161106451A
SN2016gkg,57653.329,15.728,0.021,F,i,,LCOGT,2016arXiv161106451A
SN2016gkg,57653.330,15.710,0.018,F,i,,LCOGT,2016arXiv161106451A
SN2016gkg,57653.389,15.655,0.072,F,UVM2,UVOT,Swift,2016arXiv161106451A
SN2016gkg,57653.391,15.167,0.093,F,UVW1,UVOT,Swift,2016arXiv161106451A
SN2016gkg,57653.395,16.010,0.080,F,B,,LCOGT,2016arXiv161106451A
SN2016gkg,57653.396,15.840,0.060,F,V,,LCOGT,2016arXiv161106451A
SN2016gkg,57653.397,15.910,0.070,F,g,,LCOGT,2016arXiv161106451A
SN2016gkg,57653.400,15.850,0.080,F,r,,LCOGT,2016arXiv161106451A
SN2016gkg,57653.7278,15.797,0.075,F,UVW1,UVOT,Swift,2014Ap&SS.354...89B
SN2016gkg,57653.728,15.759,0.067,F,UVW1,UVOT,Swift,2016arXiv161106451A
SN2016gkg,57653.729,15.338,0.056,F,U,,Swift,2016arXiv161106451A
SN2016gkg,57653.7292,15.437,0.069,F,U,UVOT,Swift,2014Ap&SS.354...89B
SN2016gkg,57653.730,16.330,0.060,F,B,,Swift,2016arXiv161106451A
SN2016gkg,57653.7302,16.398,0.071,F,B,UVOT,Swift,2014Ap&SS.354...89B
SN2016gkg,57653.7326,16.306,0.079,F,UVW2,UVOT,Swift,2014Ap&SS.354...89B
SN2016gkg,57653.733,16.252,0.071,F,UVW2,UVOT,Swift,2016arXiv161106451A
SN2016gkg,57653.7349,16.093,0.089,F,V,UVOT,Swift,2014Ap&SS.354...89B
SN2016gkg,57653.735,15.990,0.075,F,V,,Swift,2016arXiv161106451A
SN2016gkg,57653.7369,16.077,0.082,F,UVM2,UVOT,Swift,2014Ap&SS.354...89B
SN2016gkg,57653.737,16.040,0.075,F,UVM2,UVOT,Swift,2016arXiv161106451A
SN2016gkg,57653.816,16.404,0.046,F,B,,LCOGT,2016arXiv161106451A
SN2016gkg,57653.817,16.443,0.045,F,B,,LCOGT,2016arXiv161106451A
SN2016gkg,57653.819,16.093,0.038,F,V,,LCOGT,2016arXiv161106451A
SN2016gkg,57653.820,16.287,0.034,F,V,,LCOGT,2016arXiv161106451A
SN2016gkg,57653.821,16.379,0.027,F,g,,LCOGT,2016arXiv161106451A
SN2016gkg,57653.823,16.198,0.025,F,g,,LCOGT,2016arXiv161106451A
SN2016gkg,57653.824,16.081,0.022,F,r,,LCOGT,2016arXiv161106451A
SN2016gkg,57653.825,16.162,0.029,F,r,,LCOGT,2016arXiv161106451A
SN2016gkg,57653.827,16.189,0.034,F,i,,LCOGT,2016arXiv161106451A
SN2016gkg,57653.828,16.094,0.033,F,i,,LCOGT,2016arXiv161106451A
SN2016gkg,57654.069,16.629,0.024,F,B,,LCOGT,2016arXiv161106451A
SN2016gkg,57654.071,16.574,0.025,F,B,,LCOGT,2016arXiv161106451A
SN2016gkg,57654.073,16.361,0.016,F,V,,LCOGT,2016arXiv161106451A
SN2016gkg,57654.074,16.382,0.018,F,V,,LCOGT,2016arXiv161106451A
SN2016gkg,57654.075,16.418,0.024,F,g,,LCOGT,2016arXiv161106451A
SN2016gkg,57654.077,16.441,0.025,F,g,,LCOGT,2016arXiv161106451A
SN2016gkg,57654.078,16.279,0.009,F,r,,LCOGT,2016arXiv161106451A
SN2016gkg,57654.079,16.154,0.014,F,r,,LCOGT,2016arXiv161106451A
SN2016gkg,57654.081,16.313,0.018,F,i,,LCOGT,2016arXiv161106451A
SN2016gkg,57654.082,16.311,0.016,F,i,,LCOGT,2016arXiv161106451A
SN2016gkg,57654.164,16.735,0.024,F,B,,LCOGT,2016arXiv161106451A
SN2016gkg,57654.166,16.714,0.025,F,B,,LCOGT,2016arXiv161106451A
SN2016gkg,57654.167,16.397,0.021,F,V,,LCOGT,2016arXiv161106451A
SN2016gkg,57654.168,16.422,0.020,F,V,,LCOGT,2016arXiv161106451A
SN2016gkg,57654.170,16.391,0.025,F,g,,LCOGT,2016arXiv161106451A
SN2016gkg,57654.185,16.702,0.021,F,B,,LCOGT,2016arXiv161106451A
SN2016gkg,57654.186,16.723,0.020,F,B,,LCOGT,2016arXiv161106451A
SN2016gkg,57654.195,16.733,0.019,F,B,,LCOGT,2016arXiv161106451A
SN2016gkg,57654.196,16.712,0.021,F,B,,LCOGT,2016arXiv161106451A
SN2016gkg,57654.198,16.453,0.023,F,V,,LCOGT,2016arXiv161106451A
SN2016gkg,57654.199,16.461,0.018,F,V,,LCOGT,2016arXiv161106451A
SN2016gkg,57654.201,16.379,0.030,F,g,,LCOGT,2016arXiv161106451A
SN2016gkg,57654.202,16.423,0.027,F,g,,LCOGT,2016arXiv161106451A
SN2016gkg,57654.204,16.322,0.015,F,r,,LCOGT,2016arXiv161106451A
SN2016gkg,57654.205,16.317,0.018,F,r,,LCOGT,2016arXiv161106451A
SN2016gkg,57654.206,16.307,0.023,F,i,,LCOGT,2016arXiv161106451A
SN2016gkg,57654.207,16.317,0.020,F,i,,LCOGT,2016arXiv161106451A
SN2016gkg,57654.3213,16.22,0.03,F,clear,,KAIT,2018Natur.554..497B
SN2016gkg,57654.3242,16.82,0.16,F,B,,KAIT,2018Natur.554..497B
SN2016gkg,57654.3242,16.09,0.12,F,I,,KAIT,2018Natur.554..497B
SN2016gkg,57654.3242,16.23,0.08,F,R,,KAIT,2018Natur.554..497B
SN2016gkg,57654.3242,16.43,0.12,F,V,,KAIT,2018Natur.554..497B
SN2016gkg,57654.371,16.836,0.017,F,B,,LCOGT,2016arXiv161106451A
SN2016gkg,57654.373,16.867,0.019,F,B,,LCOGT,2016arXiv161106451A
SN2016gkg,57654.374,16.546,0.021,F,V,,LCOGT,2016arXiv161106451A
SN2016gkg,57654.375,16.525,0.022,F,V,,LCOGT,2016arXiv161106451A
SN2016gkg,57654.377,16.646,0.043,F,g,,LCOGT,2016arXiv161106451A
SN2016gkg,57654.378,16.665,0.047,F,g,,LCOGT,2016arXiv161106451A
SN2016gkg,57654.380,16.449,0.017,F,r,,LCOGT,2016arXiv161106451A
SN2016gkg,57654.381,16.442,0.018,F,r,,LCOGT,2016arXiv161106451A
SN2016gkg,57654.382,16.586,0.018,F,i,,LCOGT,2016arXiv161106451A
SN2016gkg,57654.383,16.524,0.017,F,i,,LCOGT,2016arXiv161106451A
SN2016gkg,57654.384,16.876,0.013,F,B,,LCOGT,2016arXiv161106451A
SN2016gkg,57654.386,16.938,0.016,F,B,,LCOGT,2016arXiv161106451A
SN2016gkg,57654.388,16.620,0.015,F,V,,LCOGT,2016arXiv161106451A
SN2016gkg,57654.389,16.627,0.014,F,V,,LCOGT,2016arXiv161106451A
SN2016gkg,57654.391,16.627,0.009,F,g,,LCOGT,2016arXiv161106451A
SN2016gkg,57654.393,16.624,0.008,F,g,,LCOGT,2016arXiv161106451A
SN2016gkg,57654.395,16.459,0.012,F,r,,LCOGT,2016arXiv161106451A
SN2016gkg,57654.396,16.444,0.010,F,r,,LCOGT,2016arXiv161106451A
SN2016gkg,57654.397,16.424,0.015,F,i,,LCOGT,2016arXiv161106451A
SN2016gkg,57654.398,16.445,0.012,F,i,,LCOGT,2016arXiv161106451A
SN2016gkg,57654.818,17.003,0.036,F,B,,LCOGT,2016arXiv161106451A
SN2016gkg,57654.821,16.573,0.024,F,V,,LCOGT,2016arXiv161106451A
SN2016gkg,57654.822,16.683,0.031,F,V,,LCOGT,2016arXiv161106451A
SN2016gkg,57654.824,16.801,0.021,F,g,,LCOGT,2016arXiv161106451A
SN2016gkg,57654.825,16.794,0.023,F,g,,LCOGT,2016arXiv161106451A
SN2016gkg,57654.827,16.471,0.017,F,r,,LCOGT,2016arXiv161106451A
SN2016gkg,57655.186,17.105,0.021,F,B,,LCOGT,2016arXiv161106451A
SN2016gkg,57655.187,17.123,0.020,F,B,,LCOGT,2016arXiv161106451A
SN2016gkg,57655.189,16.709,0.018,F,V,,LCOGT,2016arXiv161106451A
SN2016gkg,57655.190,16.661,0.020,F,V,,LCOGT,2016arXiv161106451A
SN2016gkg,57655.191,16.802,0.035,F,g,,LCOGT,2016arXiv161106451A
SN2016gkg,57655.193,16.786,0.030,F,g,,LCOGT,2016arXiv161106451A
SN2016gkg,57655.194,16.502,0.013,F,r,,LCOGT,2016arXiv161106451A
SN2016gkg,57655.195,16.463,0.013,F,r,,LCOGT,2016arXiv161106451A
SN2016gkg,57655.197,16.684,0.025,F,i,,LCOGT,2016arXiv161106451A
SN2016gkg,57655.198,16.662,0.023,F,i,,LCOGT,2016arXiv161106451A
SN2016gkg,57655.226,17.043,0.023,F,B,,LCOGT,2016arXiv161106451A
SN2016gkg,57655.227,17.097,0.021,F,B,,LCOGT,2016arXiv161106451A
SN2016gkg,57655.229,16.657,0.018,F,V,,LCOGT,2016arXiv161106451A
SN2016gkg,57655.230,16.628,0.018,F,V,,LCOGT,2016arXiv161106451A
SN2016gkg,57655.231,16.826,0.028,F,g,,LCOGT,2016arXiv161106451A
SN2016gkg,57655.233,16.803,0.025,F,g,,LCOGT,2016arXiv161106451A
SN2016gkg,57655.235,16.519,0.021,F,r,,LCOGT,2016arXiv161106451A
SN2016gkg,57655.236,16.497,0.015,F,r,,LCOGT,2016arXiv161106451A
SN2016gkg,57655.237,16.556,0.023,F,i,,LCOGT,2016arXiv161106451A
SN2016gkg,57655.238,16.630,0.022,F,i,,LCOGT,2016arXiv161106451A
SN2016gkg,57655.810,17.020,0.048,F,B,,LCOGT,2016arXiv161106451A
SN2016gkg,57655.812,16.858,0.040,F,B,,LCOGT,2016arXiv161106451A
SN2016gkg,57655.813,16.494,0.047,F,V,,LCOGT,2016arXiv161106451A
SN2016gkg,57655.814,16.602,0.044,F,V,,LCOGT,2016arXiv161106451A
SN2016gkg,57655.816,16.650,0.019,F,g,,LCOGT,2016arXiv161106451A
SN2016gkg,57655.817,16.711,0.025,F,g,,LCOGT,2016arXiv161106451A
SN2016gkg,57655.819,16.340,0.021,F,r,,LCOGT,2016arXiv161106451A
SN2016gkg,57655.820,16.372,0.022,F,r,,LCOGT,2016arXiv161106451A
SN2016gkg,57655.821,16.489,0.028,F,i,,LCOGT,2016arXiv161106451A
SN2016gkg,57655.823,16.479,0.025,F,i,,LCOGT,2016arXiv161106451A
SN2016gkg,57655.955,17.008,0.023,F,B,,LCOGT,2016arXiv161106451A
SN2016gkg,57655.957,17.039,0.028,F,B,,LCOGT,2016arXiv161106451A
SN2016gkg,57655.959,16.449,0.040,F,V,,LCOGT,2016arXiv161106451A
SN2016gkg,57655.960,16.468,0.041,F,V,,LCOGT,2016arXiv161106451A
SN2016gkg,57655.961,16.707,0.019,F,g,,LCOGT,2016arXiv161106451A
SN2016gkg,57655.963,16.692,0.022,F,g,,LCOGT,2016arXiv161106451A
SN2016gkg,57655.964,16.376,0.017,F,r,,LCOGT,2016arXiv161106451A
SN2016gkg,57655.965,16.326,0.014,F,r,,LCOGT,2016arXiv161106451A
SN2016gkg,57655.967,16.537,0.023,F,i,,LCOGT,2016arXiv161106451A
SN2016gkg,57655.968,16.434,0.023,F,i,,LCOGT,2016arXiv161106451A
SN2016gkg,57656.014,16.920,0.011,F,B,,LCOGT,2016arXiv161106451A
SN2016gkg,57656.016,16.944,0.012,F,B,,LCOGT,2016arXiv161106451A
SN2016gkg,57656.018,16.479,0.014,F,V,,LCOGT,2016arXiv161106451A
SN2016gkg,57656.019,16.523,0.012,F,V,,LCOGT,2016arXiv161106451A
SN2016gkg,57656.021,16.616,0.010,F,g,,LCOGT,2016arXiv161106451A
SN2016gkg,57656.023,16.640,0.010,F,g,,LCOGT,2016arXiv161106451A
SN2016gkg,57656.025,16.251,0.008,F,r,,LCOGT,2016arXiv161106451A
SN2016gkg,57656.026,16.322,0.008,F,r,,LCOGT,2016arXiv161106451A
SN2016gkg,57656.028,16.481,0.013,F,i,,LCOGT,2016arXiv161106451A
SN2016gkg,57656.029,16.551,0.012,F,i,,LCOGT,2016arXiv161106451A
SN2016gkg,57656.043,16.940,0.030,F,B,,LCOGT,2016arXiv161106451A
SN2016gkg,57656.044,17.020,0.034,F,B,,LCOGT,2016arXiv161106451A
SN2016gkg,57656.046,16.535,0.044,F,V,,LCOGT,2016arXiv161106451A
SN2016gkg,57656.047,16.562,0.039,F,V,,LCOGT,2016arXiv161106451A
SN2016gkg,57656.048,16.654,0.024,F,g,,LCOGT,2016arXiv161106451A
SN2016gkg,57656.050,16.623,0.025,F,g,,LCOGT,2016arXiv161106451A
SN2016gkg,57656.051,16.319,0.032,F,r,,LCOGT,2016arXiv161106451A
SN2016gkg,57656.052,16.303,0.034,F,r,,LCOGT,2016arXiv161106451A
SN2016gkg,57656.054,16.508,0.035,F,i,,LCOGT,2016arXiv161106451A
SN2016gkg,57656.055,16.548,0.033,F,i,,LCOGT,2016arXiv161106451A
SN2016gkg,57656.5914,16.707,0.080,F,U,UVOT,Swift,2014Ap&SS.354...89B
SN2016gkg,57656.7296,17.599,0.169,F,UVW1,UVOT,Swift,2014Ap&SS.354...89B
SN2016gkg,57656.7304,16.754,0.129,F,U,UVOT,Swift,2014Ap&SS.354...89B
SN2016gkg,57656.7309,17.018,0.109,F,B,UVOT,Swift,2014Ap&SS.354...89B
SN2016gkg,57656.7322,18.557,0.235,F,UVW2,UVOT,Swift,2014Ap&SS.354...89B
SN2016gkg,57656.7334,16.505,0.145,F,V,UVOT,Swift,2014Ap&SS.354...89B
SN2016gkg,57656.7352,18.478,0.215,F,UVM2,UVOT,Swift,2014Ap&SS.354...89B
SN2016gkg,57656.912,16.712,0.008,F,B,,LCOGT,2016arXiv161106451A
SN2016gkg,57656.914,16.739,0.011,F,B,,LCOGT,2016arXiv161106451A
SN2016gkg,57656.916,16.287,0.009,F,V,,LCOGT,2016arXiv161106451A
SN2016gkg,57656.918,16.272,0.009,F,V,,LCOGT,2016arXiv161106451A
SN2016gkg,57656.919,16.429,0.008,F,g,,LCOGT,2016arXiv161106451A
SN2016gkg,57656.921,16.420,0.008,F,g,,LCOGT,2016arXiv161106451A
SN2016gkg,57656.923,16.084,0.007,F,r,,LCOGT,2016arXiv161106451A
SN2016gkg,57656.925,16.082,0.009,F,r,,LCOGT,2016arXiv161106451A
SN2016gkg,57656.927,16.283,0.010,F,i,,LCOGT,2016arXiv161106451A
SN2016gkg,57656.928,16.284,0.010,F,i,,LCOGT,2016arXiv161106451A
SN2016gkg,57657.002,16.787,0.023,F,B,,LCOGT,2016arXiv161106451A
SN2016gkg,57657.003,16.640,0.020,F,B,,LCOGT,2016arXiv161106451A
SN2016gkg,57657.005,16.219,0.017,F,V,,LCOGT,2016arXiv161106451A
SN2016gkg,57657.006,16.262,0.017,F,V,,LCOGT,2016arXiv161106451A
SN2016gkg,57657.007,16.383,0.013,F,g,,LCOGT,2016arXiv161106451A
SN2016gkg,57657.009,16.371,0.015,F,g,,LCOGT,2016arXiv161106451A
SN2016gkg,57657.011,16.051,0.010,F,r,,LCOGT,2016arXiv161106451A
SN2016gkg,57657.012,16.080,0.012,F,r,,LCOGT,2016arXiv161106451A
SN2016gkg,57657.013,16.216,0.025,F,i,,LCOGT,2016arXiv161106451A
SN2016gkg,57657.014,16.276,0.020,F,i,,LCOGT,2016arXiv161106451A
SN2016gkg,57657.080,16.303,0.009,F,V,,LCOGT,2016arXiv161106451A
SN2016gkg,57657.082,16.629,0.031,F,B,,LCOGT,2016arXiv161106451A
SN2016gkg,57657.082,16.447,0.008,F,g,,LCOGT,2016arXiv161106451A
SN2016gkg,57657.084,16.429,0.008,F,g,,LCOGT,2016arXiv161106451A
SN2016gkg,57657.085,16.175,0.028,F,V,,LCOGT,2016arXiv161106451A
SN2016gkg,57657.086,16.243,0.028,F,V,,LCOGT,2016arXiv161106451A
SN2016gkg,57657.086,16.024,0.008,F,r,,LCOGT,2016arXiv161106451A
SN2016gkg,57657.087,16.069,0.010,F,r,,LCOGT,2016arXiv161106451A
SN2016gkg,57657.088,16.435,0.017,F,g,,LCOGT,2016arXiv161106451A
SN2016gkg,57657.089,16.427,0.019,F,g,,LCOGT,2016arXiv161106451A
SN2016gkg,57657.089,16.271,0.010,F,i,,LCOGT,2016arXiv161106451A
SN2016gkg,57657.091,16.264,0.011,F,i,,LCOGT,2016arXiv161106451A
SN2016gkg,57657.091,16.089,0.012,F,r,,LCOGT,2016arXiv161106451A
SN2016gkg,57657.092,16.089,0.018,F,r,,LCOGT,2016arXiv161106451A
SN2016gkg,57657.093,16.237,0.022,F,i,,LCOGT,2016arXiv161106451A
SN2016gkg,57657.095,16.248,0.017,F,i,,LCOGT,2016arXiv161106451A
SN2016gkg,57657.1967,19.649,,T,UVW2,UVOT,Swift,2014Ap&SS.354...89B
SN2016gkg,57657.6079,18.691,0.168,F,UVW2,UVOT,Swift,2014Ap&SS.354...89B
SN2016gkg,57657.8430,17.446,0.133,F,UVW1,UVOT,Swift,2014Ap&SS.354...89B
SN2016gkg,57657.8443,16.536,0.103,F,U,UVOT,Swift,2014Ap&SS.354...89B
SN2016gkg,57657.8450,16.688,0.085,F,B,UVOT,Swift,2014Ap&SS.354...89B
SN2016gkg,57657.8468,18.374,0.178,F,UVW2,UVOT,Swift,2014Ap&SS.354...89B
SN2016gkg,57657.8487,16.060,0.102,F,V,UVOT,Swift,2014Ap&SS.354...89B
SN2016gkg,57657.8506,18.184,0.185,F,UVM2,UVOT,Swift,2014Ap&SS.354...89B
SN2016gkg,57658.3722,15.74,0.04,F,clear,,KAIT,2018Natur.554..497B
SN2016gkg,57658.375,16.47,0.08,F,B,,KAIT,2018Natur.554..497B
SN2016gkg,57658.375,15.70,0.06,F,I,,KAIT,2018Natur.554..497B
SN2016gkg,57658.375,15.70,0.04,F,R,,KAIT,2018Natur.554..497B
SN2016gkg,57658.375,15.89,0.04,F,V,,KAIT,2018Natur.554..497B
SN2016gkg,57658.7794,17.464,0.120,F,UVW1,UVOT,Swift,2014Ap&SS.354...89B
SN2016gkg,57658.7811,16.580,0.095,F,U,UVOT,Swift,2014Ap&SS.354...89B
SN2016gkg,57658.7820,16.407,0.073,F,B,UVOT,Swift,2014Ap&SS.354...89B
SN2016gkg,57658.7845,18.546,0.174,F,UVW2,UVOT,Swift,2014Ap&SS.354...89B
SN2016gkg,57658.7870,15.886,0.086,F,V,UVOT,Swift,2014Ap&SS.354...89B
SN2016gkg,57658.7903,18.399,0.164,F,UVM2,UVOT,Swift,2014Ap&SS.354...89B
SN2016gkg,57659.4434,15.62,0.04,F,clear,,KAIT,2018Natur.554..497B
SN2016gkg,57659.4453,16.34,0.08,F,B,,KAIT,2018Natur.554..497B
SN2016gkg,57659.4453,15.56,0.06,F,I,,KAIT,2018Natur.554..497B
SN2016gkg,57659.4453,15.58,0.04,F,R,,KAIT,2018Natur.554..497B
SN2016gkg,57659.4453,15.80,0.04,F,V,,KAIT,2018Natur.554..497B
SN2016gkg,57659.4798,17.443,0.093,F,UVW1,UVOT,Swift,2014Ap&SS.354...89B
SN2016gkg,57659.4816,16.342,0.074,F,U,UVOT,Swift,2014Ap&SS.354...89B
SN2016gkg,57659.4826,16.308,0.063,F,B,UVOT,Swift,2014Ap&SS.354...89B
SN2016gkg,57659.4855,18.557,0.136,F,UVW2,UVOT,Swift,2014Ap&SS.354...89B
SN2016gkg,57659.4881,15.775,0.068,F,V,UVOT,Swift,2014Ap&SS.354...89B
SN2016gkg,57659.4912,18.489,0.175,F,UVM2,UVOT,Swift,2014Ap&SS.354...89B
SN2016gkg,57660.4428,15.45,0.05,F,clear,,KAIT,2018Natur.554..497B
SN2016gkg,57660.4453,16.21,0.08,F,B,,KAIT,2018Natur.554..497B
SN2016gkg,57660.4453,15.42,0.04,F,I,,KAIT,2018Natur.554..497B
SN2016gkg,57660.4453,15.43,0.02,F,R,,KAIT,2018Natur.554..497B
SN2016gkg,57660.4453,15.60,0.04,F,V,,KAIT,2018Natur.554..497B
SN2016gkg,57660.9423,17.397,0.095,F,UVW1,UVOT,Swift,2014Ap&SS.354...89B
SN2016gkg,57660.9438,16.106,0.072,F,U,UVOT,Swift,2014Ap&SS.354...89B
SN2016gkg,57660.9447,16.106,0.062,F,B,UVOT,Swift,2014Ap&SS.354...89B
SN2016gkg,57660.9473,18.579,0.144,F,UVW2,UVOT,Swift,2014Ap&SS.354...89B
SN2016gkg,57660.9495,15.659,0.068,F,V,UVOT,Swift,2014Ap&SS.354...89B
SN2016gkg,57660.9535,18.837,0.161,F,UVM2,UVOT,Swift,2014Ap&SS.354...89B
SN2016gkg,57661.4023,15.86,0.04,F,B,,Nickel,2018Natur.554..497B
SN2016gkg,57661.4023,15.26,0.04,F,I,,Nickel,2018Natur.554..497B
SN2016gkg,57661.4023,15.22,0.02,F,R,,Nickel,2018Natur.554..497B
SN2016gkg,57661.4023,15.33,0.02,F,V,,Nickel,2018Natur.554..497B
SN2016gkg,57661.5626,17.217,0.089,F,UVW1,UVOT,Swift,2014Ap&SS.354...89B
SN2016gkg,57661.5644,15.961,0.070,F,U,UVOT,Swift,2014Ap&SS.354...89B
SN2016gkg,57661.5653,15.995,0.061,F,B,UVOT,Swift,2014Ap&SS.354...89B
SN2016gkg,57661.5674,18.500,0.137,F,UVW2,UVOT,Swift,2014Ap&SS.354...89B
SN2016gkg,57661.5702,15.496,0.065,F,V,UVOT,Swift,2014Ap&SS.354...89B
SN2016gkg,57661.5732,18.716,0.149,F,UVM2,UVOT,Swift,2014Ap&SS.354...89B
SN2016gkg,57662.369,15.22,0.03,F,clear,,KAIT,2018Natur.554..497B
SN2016gkg,57662.4062,15.92,0.12,F,B,,KAIT,2018Natur.554..497B
SN2016gkg,57662.4062,15.19,0.06,F,I,,KAIT,2018Natur.554..497B
SN2016gkg,57662.4062,15.22,0.04,F,R,,KAIT,2018Natur.554..497B
SN2016gkg,57662.4062,15.38,0.06,F,V,,KAIT,2018Natur.554..497B
SN2016gkg,57662.4444,15.23,0.03,F,clear,,KAIT,2018Natur.554..497B
SN2016gkg,57663.2011,17.232,0.093,F,UVW1,UVOT,Swift,2014Ap&SS.354...89B
SN2016gkg,57663.3266,15.758,0.070,F,U,UVOT,Swift,2014Ap&SS.354...89B
SN2016gkg,57663.3273,15.782,0.063,F,B,UVOT,Swift,2014Ap&SS.354...89B
SN2016gkg,57663.3325,15.12,0.05,F,clear,,KAIT,2018Natur.554..497B
SN2016gkg,57663.3359,15.84,0.10,F,B,,KAIT,2018Natur.554..497B
SN2016gkg,57663.3359,15.02,0.06,F,I,,KAIT,2018Natur.554..497B
SN2016gkg,57663.3359,15.14,0.04,F,R,,KAIT,2018Natur.554..497B
SN2016gkg,57663.3359,15.24,0.06,F,V,,KAIT,2018Natur.554..497B
SN2016gkg,57665.6557,17.006,0.082,F,UVW1,UVOT,Swift,2014Ap&SS.354...89B
SN2016gkg,57665.6574,15.458,0.064,F,U,UVOT,Swift,2014Ap&SS.354...89B
SN2016gkg,57665.6582,15.550,0.054,F,B,UVOT,Swift,2014Ap&SS.354...89B
SN2016gkg,57665.6608,18.383,0.129,F,UVW2,UVOT,Swift,2014Ap&SS.354...89B
SN2016gkg,57665.6632,15.221,0.062,F,V,UVOT,Swift,2014Ap&SS.354...89B
SN2016gkg,57665.6655,18.630,0.189,F,UVM2,UVOT,Swift,2014Ap&SS.354...89B
SN2016gkg,57666.3664,14.93,0.02,F,clear,,KAIT,2018Natur.554..497B
SN2016gkg,57666.3672,15.63,0.08,F,B,,KAIT,2018Natur.554..497B
SN2016gkg,57666.3672,14.94,0.04,F,I,,KAIT,2018Natur.554..497B
SN2016gkg,57666.3672,15.01,0.02,F,R,,KAIT,2018Natur.554..497B
SN2016gkg,57666.3672,15.17,0.04,F,V,,KAIT,2018Natur.554..497B
SN2016gkg,57667.3718,14.93,0.02,F,clear,,KAIT,2018Natur.554..497B
SN2016gkg,57667.375,15.59,0.06,F,B,,KAIT,2018Natur.554..497B
SN2016gkg,57667.375,14.90,0.04,F,I,,KAIT,2018Natur.554..497B
SN2016gkg,57667.375,14.98,0.02,F,R,,KAIT,2018Natur.554..497B
SN2016gkg,57667.375,15.07,0.04,F,V,,KAIT,2018Natur.554..497B
SN2016gkg,57667.6166,17.029,0.078,F,UVW1,UVOT,Swift,2014Ap&SS.354...89B
SN2016gkg,57667.6179,15.438,0.062,F,U,UVOT,Swift,2014Ap&SS.354...89B
SN2016gkg,57667.6185,15.442,0.051,F,B,UVOT,Swift,2014Ap&SS.354...89B
SN2016gkg,57667.6198,18.289,0.115,F,UVW2,UVOT,Swift,2014Ap&SS.354...89B
SN2016gkg,57667.6218,15.089,0.058,F,V,UVOT,Swift,2014Ap&SS.354...89B
SN2016gkg,57667.6235,18.639,0.133,F,UVM2,UVOT,Swift,2014Ap&SS.354...89B
SN2016gkg,57668.3633,15.39,0.02,F,B,,Nickel,2018Natur.554..497B
SN2016gkg,57668.3633,14.74,0.02,F,I,,Nickel,2018Natur.554..497B
SN2016gkg,57668.3633,14.80,0.02,F,R,,Nickel,2018Natur.554..497B
SN2016gkg,57668.3633,14.91,0.02,F,V,,Nickel,2018Natur.554..497B
SN2016gkg,57668.375,15.53,0.16,F,B,,KAIT,2018Natur.554..497B
SN2016gkg,57668.375,14.81,0.10,F,I,,KAIT,2018Natur.554..497B
SN2016gkg,57668.375,14.92,0.08,F,R,,KAIT,2018Natur.554..497B
SN2016gkg,57668.375,14.96,0.12,F,V,,KAIT,2018Natur.554..497B
SN2016gkg,57668.4141,14.82,0.06,F,clear,,KAIT,2018Natur.554..497B
SN2016gkg,57669.3676,14.72,0.04,F,clear,,KAIT,2018Natur.554..497B
SN2016gkg,57669.3711,15.46,0.10,F,B,,KAIT,2018Natur.554..497B
SN2016gkg,57669.3711,14.72,0.08,F,I,,KAIT,2018Natur.554..497B
SN2016gkg,57669.3711,14.85,0.04,F,R,,KAIT,2018Natur.554..497B
SN2016gkg,57669.3711,14.93,0.06,F,V,,KAIT,2018Natur.554..497B
SN2016gkg,57669.6666,17.124,0.080,F,UVW1,UVOT,Swift,2014Ap&SS.354...89B
SN2016gkg,57669.6682,15.565,0.063,F,U,UVOT,Swift,2014Ap&SS.354...89B
SN2016gkg,57669.6690,15.624,0.057,F,B,UVOT,Swift,2014Ap&SS.354...89B
SN2016gkg,57669.6711,18.532,0.128,F,UVW2,UVOT,Swift,2014Ap&SS.354...89B
SN2016gkg,57669.6734,15.113,0.058,F,V,UVOT,Swift,2014Ap&SS.354...89B
SN2016gkg,57669.6764,18.998,0.163,F,UVM2,UVOT,Swift,2014Ap&SS.354...89B
SN2016gkg,57671.2067,17.327,0.087,F,UVW1,UVOT,Swift,2014Ap&SS.354...89B
SN2016gkg,57671.2081,15.628,0.064,F,U,UVOT,Swift,2014Ap&SS.354...89B
SN2016gkg,57671.2090,15.451,0.052,F,B,UVOT,Swift,2014Ap&SS.354...89B
SN2016gkg,57671.2119,18.479,0.127,F,UVW2,UVOT,Swift,2014Ap&SS.354...89B
SN2016gkg,57671.2140,14.989,0.058,F,V,UVOT,Swift,2014Ap&SS.354...89B
SN2016gkg,57671.2185,19.078,0.172,F,UVM2,UVOT,Swift,2014Ap&SS.354...89B
SN2016gkg,57671.4203,14.70,0.05,F,clear,,KAIT,2018Natur.554..497B
SN2016gkg,57671.4219,15.52,0.10,F,B,,KAIT,2018Natur.554..497B
SN2016gkg,57671.4219,14.61,0.10,F,I,,KAIT,2018Natur.554..497B
SN2016gkg,57671.4219,14.77,0.06,F,R,,KAIT,2018Natur.554..497B
SN2016gkg,57671.4219,14.93,0.10,F,V,,KAIT,2018Natur.554..497B
SN2016gkg,57671.4308418433,14.955,0.00626922,F,i,GPC,Pan-STARRS1,"2016ATel.9526....1T,2016ATel.9521....1N,2016ATel.9536....1K,Pan-STARRS 3Pi"
SN2016gkg,57671.4309954,14.96,0.01,F,i,GPC1,PS1,Transient Name Server
SN2016gkg,57671.4413198478,14.9235,0.00352474,F,i,GPC,Pan-STARRS1,"2016ATel.9526....1T,2016ATel.9521....1N,2016ATel.9536....1K,Pan-STARRS 3Pi"
SN2016gkg,57671.4518012447,14.8911,0.00292653,F,i,GPC,Pan-STARRS1,"2016ATel.9526....1T,2016ATel.9521....1N,2016ATel.9536....1K,Pan-STARRS 3Pi"
SN2016gkg,57671.4622703669,14.9324,0.0031261,F,i,GPC,Pan-STARRS1,"2016ATel.9526....1T,2016ATel.9521....1N,2016ATel.9536....1K,Pan-STARRS 3Pi"
SN2016gkg,57672.3288,14.71,0.04,F,clear,,KAIT,2018Natur.554..497B
SN2016gkg,57675.2322,17.718,0.105,F,UVW1,UVOT,Swift,2014Ap&SS.354...89B
SN2016gkg,57675.2329,16.157,0.071,F,U,UVOT,Swift,2014Ap&SS.354...89B
SN2016gkg,57675.2333,15.735,0.058,F,B,UVOT,Swift,2014Ap&SS.354...89B
SN2016gkg,57675.2346,18.723,0.150,F,UVW2,UVOT,Swift,2014Ap&SS.354...89B
SN2016gkg,57675.2356,15.027,0.059,F,V,UVOT,Swift,2014Ap&SS.354...89B
SN2016gkg,57675.2374,19.526,0.238,F,UVM2,UVOT,Swift,2014Ap&SS.354...89B
SN2016gkg,57678.3906,18.077,0.136,F,UVW1,UVOT,Swift,2014Ap&SS.354...89B
SN2016gkg,57678.3912,16.838,0.091,F,U,UVOT,Swift,2014Ap&SS.354...89B
SN2016gkg,57678.3916,16.176,0.064,F,B,UVOT,Swift,2014Ap&SS.354...89B
SN2016gkg,57678.3926,19.326,0.235,F,UVW2,UVOT,Swift,2014Ap&SS.354...89B
SN2016gkg,57678.3936,15.325,0.065,F,V,UVOT,Swift,2014Ap&SS.354...89B
SN2016gkg,57678.3950,19.645,0.287,F,UVM2,UVOT,Swift,2014Ap&SS.354...89B
SN2016gkg,57679.8823,18.409,0.141,F,UVW1,UVOT,Swift,2014Ap&SS.354...89B
SN2016gkg,57679.8832,17.206,0.093,F,U,UVOT,Swift,2014Ap&SS.354...89B
SN2016gkg,57679.8837,16.400,0.063,F,B,UVOT,Swift,2014Ap&SS.354...89B
SN2016gkg,57679.8859,19.479,0.225,F,UVW2,UVOT,Swift,2014Ap&SS.354...89B
SN2016gkg,57679.8870,15.437,0.062,F,V,UVOT,Swift,2014Ap&SS.354...89B
SN2016gkg,57679.8902,19.937,0.322,F,UVM2,UVOT,Swift,2014Ap&SS.354...89B
SN2016gkg,57681.5749,18.450,0.178,F,UVW1,UVOT,Swift,2014Ap&SS.354...89B
SN2016gkg,57681.5756,17.642,0.136,F,U,UVOT,Swift,2014Ap&SS.354...89B
SN2016gkg,57681.5761,16.704,0.074,F,B,UVOT,Swift,2014Ap&SS.354...89B
SN2016gkg,57681.5775,19.416,0.262,F,UVW2,UVOT,Swift,2014Ap&SS.354...89B
SN2016gkg,57681.5786,15.611,0.072,F,V,UVOT,Swift,2014Ap&SS.354...89B
SN2016gkg,57681.5807,19.755,0.330,F,UVM2,UVOT,Swift,2014Ap&SS.354...89B
SN2016gkg,57683.3086,16.72,0.02,F,B,,Nickel,2018Natur.554..497B
SN2016gkg,57683.3086,14.92,0.02,F,I,,Nickel,2018Natur.554..497B
SN2016gkg,57683.3086,15.15,0.02,F,R,,Nickel,2018Natur.554..497B
SN2016gkg,57683.3086,15.55,0.02,F,V,,Nickel,2018Natur.554..497B
SN2016gkg,57683.3640,18.794,0.182,F,UVW1,UVOT,Swift,2014Ap&SS.354...89B
SN2016gkg,57683.3658,17.843,0.128,F,U,UVOT,Swift,2014Ap&SS.354...89B
SN2016gkg,57683.3666,16.897,0.074,F,B,UVOT,Swift,2014Ap&SS.354...89B
SN2016gkg,57683.3674,19.582,,T,UVW2,UVOT,Swift,2014Ap&SS.354...89B
SN2016gkg,57687.3008,17.10,0.04,F,B,,Nickel,2018Natur.554..497B
SN2016gkg,57687.3008,15.05,0.02,F,I,,Nickel,2018Natur.554..497B
SN2016gkg,57687.3008,15.35,0.02,F,R,,Nickel,2018Natur.554..497B
SN2016gkg,57687.3008,15.91,0.02,F,V,,Nickel,2018Natur.554..497B
SN2016gkg,57687.4862,19.205,0.270,F,UVW1,UVOT,Swift,2014Ap&SS.354...89B
SN2016gkg,57687.4871,18.374,0.191,F,U,UVOT,Swift,2014Ap&SS.354...89B
SN2016gkg,57687.4877,17.380,0.087,F,B,UVOT,Swift,2014Ap&SS.354...89B
SN2016gkg,57687.4898,19.889,,T,UVW2,UVOT,Swift,2014Ap&SS.354...89B
SN2016gkg,57687.4910,16.151,0.080,F,V,UVOT,Swift,2014Ap&SS.354...89B
SN2016gkg,57687.4941,19.849,,T,UVM2,UVOT,Swift,2014Ap&SS.354...89B
SN2016gkg,57690.8008,19.329,0.269,F,UVW1,UVOT,Swift,2014Ap&SS.354...89B
SN2016gkg,57690.8020,18.238,0.160,F,U,UVOT,Swift,2014Ap&SS.354...89B
SN2016gkg,57690.8025,17.537,0.087,F,B,UVOT,Swift,2014Ap&SS.354...89B
SN2016gkg,57690.8038,19.994,,T,UVW2,UVOT,Swift,2014Ap&SS.354...89B
SN2016gkg,57690.8056,16.318,0.080,F,V,UVOT,Swift,2014Ap&SS.354...89B
SN2016gkg,57690.8074,19.951,,T,UVM2,UVOT,Swift,2014Ap&SS.354...89B
SN2016gkg,57694.2782,15.70,0.02,F,clear,,KAIT,2018Natur.554..497B
SN2016gkg,57694.2812,17.46,0.16,F,B,,KAIT,2018Natur.554..497B
SN2016gkg,57694.2812,15.29,0.04,F,I,,KAIT,2018Natur.554..497B
SN2016gkg,57694.2812,15.71,0.04,F,R,,KAIT,2018Natur.554..497B
SN2016gkg,57694.2812,16.24,0.06,F,V,,KAIT,2018Natur.554..497B
SN2016gkg,57697.3008,17.44,0.04,F,B,,Nickel,2018Natur.554..497B
SN2016gkg,57697.3008,15.36,0.02,F,I,,Nickel,2018Natur.554..497B
SN2016gkg,57697.3008,15.68,0.02,F,R,,Nickel,2018Natur.554..497B
SN2016gkg,57697.3008,16.20,0.02,F,V,,Nickel,2018Natur.554..497B
SN2016gkg,57697.3488,15.81,0.04,F,clear,,KAIT,2018Natur.554..497B
SN2016gkg,57697.3516,17.58,0.18,F,B,,KAIT,2018Natur.554..497B
SN2016gkg,57697.3516,15.42,0.06,F,I,,KAIT,2018Natur.554..497B
SN2016gkg,57697.3516,15.73,0.04,F,R,,KAIT,2018Natur.554..497B
SN2016gkg,57697.3516,16.26,0.08,F,V,,KAIT,2018Natur.554..497B
SN2016gkg,57697.7137,19.482,0.273,F,UVW1,UVOT,Swift,2014Ap&SS.354...89B
SN2016gkg,57697.7153,18.508,0.203,F,U,UVOT,Swift,2014Ap&SS.354...89B
SN2016gkg,57697.7458,17.638,0.095,F,B,UVOT,Swift,2014Ap&SS.354...89B
SN2016gkg,57697.7481,19.908,,T,UVW2,UVOT,Swift,2014Ap&SS.354...89B
SN2016gkg,57697.7505,16.519,0.092,F,V,UVOT,Swift,2014Ap&SS.354...89B
SN2016gkg,57697.7537,19.851,,T,UVM2,UVOT,Swift,2014Ap&SS.354...89B
SN2016gkg,57701.2553,15.92,0.05,F,clear,,KAIT,2018Natur.554..497B
SN2016gkg,57701.2578,17.69,0.18,F,B,,KAIT,2018Natur.554..497B
SN2016gkg,57701.2578,15.44,0.04,F,I,,KAIT,2018Natur.554..497B
SN2016gkg,57701.2578,15.87,0.04,F,R,,KAIT,2018Natur.554..497B
SN2016gkg,57701.2578,16.40,0.06,F,V,,KAIT,2018Natur.554..497B
SN2016gkg,57702.2539,17.51,0.06,F,B,,Nickel,2018Natur.554..497B
SN2016gkg,57702.2539,15.81,0.02,F,R,,Nickel,2018Natur.554..497B
SN2016gkg,57702.2539,16.36,0.02,F,V,,Nickel,2018Natur.554..497B
SN2016gkg,57703.2774,15.90,0.04,F,clear,,KAIT,2018Natur.554..497B
SN2016gkg,57703.2891,17.55,0.36,F,B,,KAIT,2018Natur.554..497B
SN2016gkg,57703.2891,15.47,0.08,F,I,,KAIT,2018Natur.554..497B
SN2016gkg,57703.2891,15.91,0.08,F,R,,KAIT,2018Natur.554..497B
SN2016gkg,57703.2891,16.49,0.14,F,V,,KAIT,2018Natur.554..497B
SN2016gkg,57703.2973,15.94,0.09,F,clear,,KAIT,2018Natur.554..497B
SN2016gkg,57704.3544,19.202,0.230,F,UVW1,UVOT,Swift,2014Ap&SS.354...89B
SN2016gkg,57704.3561,18.389,0.166,F,U,UVOT,Swift,2014Ap&SS.354...89B
SN2016gkg,57704.3569,17.855,0.095,F,B,UVOT,Swift,2014Ap&SS.354...89B
SN2016gkg,57704.3585,20.057,,T,UVW2,UVOT,Swift,2014Ap&SS.354...89B
SN2016gkg,57704.3612,16.692,0.088,F,V,UVOT,Swift,2014Ap&SS.354...89B
SN2016gkg,57704.3632,19.988,,T,UVM2,UVOT,Swift,2014Ap&SS.354...89B
SN2016gkg,57706.2608,15.97,0.05,F,clear,,KAIT,2018Natur.554..497B
SN2016gkg,57706.2617,17.83,0.46,F,B,,KAIT,2018Natur.554..497B
SN2016gkg,57706.2617,15.58,0.08,F,I,,KAIT,2018Natur.554..497B
SN2016gkg,57706.2617,15.91,0.08,F,R,,KAIT,2018Natur.554..497B
SN2016gkg,57706.2617,16.53,0.14,F,V,,KAIT,2018Natur.554..497B
SN2016gkg,57706.3919907,16.25,0.2,F,G,Astrometric,Gaia,Transient Name Server
SN2016gkg,57706.393,16.29,0.0,F,G,Astrometric,GAIA,Gaia Photometric Science Alerts
SN2016gkg,57706.467,16.31,0.0,F,G,Astrometric,GAIA,Gaia Photometric Science Alerts
SN2016gkg,57707.2347,15.93,0.07,F,clear,,KAIT,2018Natur.554..497B
SN2016gkg,57707.3138095122,16.0025,0.0132281,F,i,GPC,Pan-STARRS1,"2016ATel.9526....1T,2016ATel.9521....1N,2016ATel.9536....1K,Pan-STARRS 3Pi"
SN2016gkg,57707.3243732821,15.9294,0.00803578,F,i,GPC,Pan-STARRS1,"2016ATel.9526....1T,2016ATel.9521....1N,2016ATel.9536....1K,Pan-STARRS 3Pi"
SN2016gkg,57707.3349330993,15.9212,0.00826333,F,i,GPC,Pan-STARRS1,"2016ATel.9526....1T,2016ATel.9521....1N,2016ATel.9536....1K,Pan-STARRS 3Pi"
SN2016gkg,57710.258,16.07,0.06,F,clear,,KAIT,2018Natur.554..497B
SN2016gkg,57710.2617,17.80,0.20,F,B,,KAIT,2018Natur.554..497B
SN2016gkg,57710.2617,15.62,0.04,F,I,,KAIT,2018Natur.554..497B
SN2016gkg,57710.2617,16.06,0.04,F,R,,KAIT,2018Natur.554..497B
SN2016gkg,57710.2617,16.55,0.06,F,V,,KAIT,2018Natur.554..497B
SN2016gkg,57710.3125,17.57,0.12,F,B,,Nickel,2018Natur.554..497B
SN2016gkg,57710.3125,15.60,0.04,F,I,,Nickel,2018Natur.554..497B
SN2016gkg,57710.3125,16.00,0.02,F,R,,Nickel,2018Natur.554..497B
SN2016gkg,57710.3125,16.50,0.04,F,V,,Nickel,2018Natur.554..497B
SN2016gkg,57711.5288,18.756,0.336,F,UVW1,UVOT,Swift,2014Ap&SS.354...89B
SN2016gkg,57711.5297,18.155,0.279,F,U,UVOT,Swift,2014Ap&SS.354...89B
SN2016gkg,57711.5301,18.149,0.200,F,B,UVOT,Swift,2014Ap&SS.354...89B
SN2016gkg,57711.5313,19.201,,T,UVW2,UVOT,Swift,2014Ap&SS.354...89B
SN2016gkg,57711.5325,16.620,0.158,F,V,UVOT,Swift,2014Ap&SS.354...89B
SN2016gkg,57711.5341,19.185,,T,UVM2,UVOT,Swift,2014Ap&SS.354...89B
SN2016gkg,57728.394,16.69,0.0,F,G,Astrometric,GAIA,Gaia Photometric Science Alerts
SN2016gkg,57744.1523,18.00,0.04,F,B,,Nickel,2018Natur.554..497B
SN2016gkg,57744.1523,16.04,0.02,F,I,,Nickel,2018Natur.554..497B
SN2016gkg,57744.1523,16.56,0.02,F,R,,Nickel,2018Natur.554..497B
SN2016gkg,57744.1523,17.00,0.02,F,V,,Nickel,2018Natur.554..497B
SN2016gkg,57753.1367,18.09,0.04,F,B,,Nickel,2018Natur.554..497B
SN2016gkg,57753.1367,16.32,0.02,F,I,,Nickel,2018Natur.554..497B
SN2016gkg,57753.1367,16.80,0.02,F,R,,Nickel,2018Natur.554..497B
SN2016gkg,57753.1367,17.38,0.06,F,V,,Nickel,2018Natur.554..497B
SN2016gkg,57759.376,17.23,0.0,F,G,Astrometric,GAIA,Gaia Photometric Science Alerts
SN2016gkg,57765.204508484,17.2213,0.0737334,F,y,GPC,Pan-STARRS1,"2016ATel.9526....1T,2016ATel.9521....1N,2016ATel.9536....1K,Pan-STARRS 3Pi"
SN2016gkg,57767.1999248848,17.1863,0.0615721,F,y,GPC,Pan-STARRS1,"2016ATel.9526....1T,2016ATel.9521....1N,2016ATel.9536....1K,Pan-STARRS 3Pi"
SN2016gkg,57767.2056468482,17.2822,0.0732104,F,y,GPC,Pan-STARRS1,"2016ATel.9526....1T,2016ATel.9521....1N,2016ATel.9536....1K,Pan-STARRS 3Pi"
SN2016gkg,57769.2002326082,17.452,0.235644,F,y,GPC,Pan-STARRS1,"2016ATel.9526....1T,2016ATel.9521....1N,2016ATel.9536....1K,Pan-STARRS 3Pi"
SN2016gkg,57797.964,17.83,0.0,F,G,Astrometric,GAIA,Gaia Photometric Science Alerts
SN2016gkg,57798.140,17.83,0.0,F,G,Astrometric,GAIA,Gaia Photometric Science Alerts
SN2016gkg,57807.394,17.94,0.0,F,G,Astrometric,GAIA,Gaia Photometric Science Alerts
SN2016gkg,57807.468,17.94,0.0,F,G,Astrometric,GAIA,Gaia Photometric Science Alerts
SN2016gkg,57905.517,19.31,0.0,F,G,Astrometric,GAIA,Gaia Photometric Science Alerts
SN2016gkg,57959.61174863,19.9175,0.203432,F,z,GPC,Pan-STARRS1,"2016ATel.9526....1T,2016ATel.9521....1N,2016ATel.9536....1K,Pan-STARRS 3Pi"
SN2016gkg,57961.079,20.08,0.0,F,G,Astrometric,GAIA,Gaia Photometric Science Alerts
SN2016gkg,57964.6191278342,19.9209,0.13209,F,z,GPC,Pan-STARRS1,"2016ATel.9526....1T,2016ATel.9521....1N,2016ATel.9536....1K,Pan-STARRS 3Pi"
SN2016gkg,58008.467211409,20.3272,0.143513,F,i,GPC,Pan-STARRS1,"2016ATel.9526....1T,2016ATel.9521....1N,2016ATel.9536....1K,Pan-STARRS 3Pi"
SN2016gkg,58008.4775315225,20.2483,0.183738,F,i,GPC,Pan-STARRS1,"2016ATel.9526....1T,2016ATel.9521....1N,2016ATel.9536....1K,Pan-STARRS 3Pi"
SN2016gkg,58008.4981536088,20.3725,0.156078,F,i,GPC,Pan-STARRS1,"2016ATel.9526....1T,2016ATel.9521....1N,2016ATel.9536....1K,Pan-STARRS 3Pi"